feature,label,oai_module_balanced,mathlib_module_balanced,oai_bootstrap_lower,oai_bootstrap_upper,oai_pooled,mathlib_pooled,oai_common_domain,mathlib_domain_standardized
mode_tactic,Outer tactic block,92.82459095326455,54.49528000017161,91.77827051064055,93.88754022063549,85.94184386505373,49.75020214081852,92.95394470260531,63.77565448640985
mode_term_with_tactic,Term with a tactic subproof,0.5170751584653864,5.710841555371643,0.20713982946471846,0.8799335627917927,9.399654369223834,5.688322954093954,0.3048724983056695,5.670138853097237
mode_term_only,Term without a tactic subproof,6.658333888270077,39.793878444456745,5.666870935501439,7.654223433594166,4.658501765722444,44.56147490508752,6.741182799089028,30.554206660492916
rewrite_simplify,Rewrite or simplify,72.51419921287537,52.40590199443774,70.33797619078327,74.63602250076502,41.51326170260726,48.799738689484926,73.05949420639173,61.891380762510444
local_claims_calc,Local claims or calculation chains,61.14103882561944,20.978547155034057,58.78155788940921,63.558895051764864,23.84100984296341,13.8307157659129,61.37489327265961,27.260401351457126
arithmetic_algebra,Arithmetic or algebra tactics,38.17425008221132,2.675756420370401,35.54618832310122,40.77278773808648,16.980990307310844,1.9260941039137676,37.61863581553887,7.124647178847303
restricted_simplification,Restricted simplification,38.53468995172559,12.992362198009271,36.368640187562676,40.902649091365106,16.372379592756783,10.379596360929794,38.701812868279525,15.754655153616156
cases_induction,Cases or induction,19.834359670439934,12.785100883739348,18.042386967188794,21.77247976067017,10.263731309640093,10.522032010538096,19.84841210573403,15.685656990306642
finite_decision,Finite decision,6.326803635098913,0.18489427564628866,4.854177671797245,7.79433156733461,48.89924111503494,0.19919572050484335,5.511000702459567,0.6339392687301103
