feature,label,oai_full_percent,mathlib_full_percent,full_difference_pp,oai_common_domains_percent,mathlib_domain_standardized_percent,common_domain_difference_pp
mode_tactic,Outer tactic block,92.82459095326455,54.49528000017161,38.329310953092936,92.95394470260531,63.77565448640985,29.178290216195464
mode_term_only,Term-only proof,6.658333888270077,39.793878444456745,-33.135544556186666,6.741182799089028,30.554206660492916,-23.813023861403888
local_claims_calc,Local claims / calculation chains,61.14103882561944,20.978547155034057,40.16249167058538,61.37489327265961,27.260401351457126,34.114491921202486
arithmetic_algebra,Arithmetic / algebra tactics,38.17425008221132,2.675756420370401,35.498493661840925,37.61863581553887,7.124647178847303,30.49398863669157
restricted_simplification,Restricted simplification,38.53468995172559,12.992362198009271,25.542327753716318,38.701812868279525,15.754655153616156,22.94715771466337
rewrite_simplify,Rewrite / simplify,72.51419921287537,52.40590199443774,20.108297218437627,73.05949420639173,61.891380762510444,11.168113443881289
cases_induction,Cases / induction,19.834359670439934,12.785100883739348,7.049258786700586,19.84841210573403,15.685656990306642,4.162755115427389
finite_decision,Finite decision,6.326803635098913,0.18489427564628866,6.141909359452624,5.511000702459567,0.6339392687301103,4.877061433729457
extensionality_congruence,Extensionality / congruence,13.696187811314836,11.291517123796227,2.4046706875186086,13.830575435530456,13.092625759924656,0.7379496756057993
